Img,ID,Name,RGB,Num Parts,Num Sets,First Year,Last Year,LEGO,LDraw,BrickLink,BrickOwl
ffe072 720E0F,320,Dark Red,720E0F,47943,12143,2001,2026,"154 ['Dark red', 'NEW DARK RED']",320 ['Dark_Red'],59 ['Dark Red'],56 ['Dark Red']
fece63 631314,1113,HO Dark Red,631314,10,10,1958,1964,,,,
fd44fd FEBABD,100,Light Salmon,FEBABD,180,111,1997,2002,100 ['Light red'],100 ['Light_Salmon'],26 ['Light Salmon'],5 ['Light Salmon']
fc32fd FECCCF,77,Light Pink,FECCCF,184,81,1991,1994,"223 ['Light Pink']\n17 ['Rose']",77 ['Light_Pink'],56 ['Rose Pink'],68 ['Light Pink']
fa56bc BD7D85,1037,Modulex Violet,BD7D85,7,7,1963,1963,,,147 ['Mx Violet'],153 ['Modulex Violet']
fa41f5 F6B7BF,1146,Warm Pink,F6B7BF,256,24,2026,2026,430 ['Warm Pink'],,175 ['Warm Pink'],
f878fe FF879C,1087,Duplo Pink,FF879C,47,21,1992,1993,16 ['Pink'],,,
f7ffd5 D60026,1069,Pearl Red,D60026,24,14,2003,2006,"184 ['Metallic Bright Red', 'MET. BR. RED']",184 ['Metallic_Bright_Red'],252 ['Pearl Red'],181 ['Pearl Red']
f666fb FC97AC,13,Pink,FC97AC,477,246,1994,2005,9 ['L.REDVIOL'],13 ['Pink'],23 ['Pink'],3 ['Pink']
f4fffe FF0040,1102,Trans-Neon Red,FF0040,22,9,2001,2004,158 ['Transparent Fluorescent Red'],158 ['Trans_Neon_Red'],,
f496fe FF698F,1050,Coral,FF698F,7208,1686,2019,2026,"353 ['Coral', 'Vibrant Coral']",353 ['Coral'],220 ['Coral'],173 ['Coral']
ef76f6 F785B1,351,Medium Dark Pink,F785B1,1092,574,1994,2005,"22 ['Medium Reddish Violet', 'MD.REDVIOL']",351 ['Medium_Dark_Pink'],94 ['Medium Dark Pink'],75 ['Medium Dark Pink']
ef76f6 F785B1,1038,Modulex Pink,F785B1,19,19,1963,1963,,,148 ['Mx Pink'],146 ['Modulex Pink']
ee8ade DF6695,114,Glitter Trans-Dark Pink,DF6695,234,50,1999,2024,"114 ['Tr. Medium Reddish-Violet w. Glitter 2%', 'TR.M.R.V.GLI']",114 ['Glitter_Trans_Dark_Pink'],100 ['Glitter Trans-Dark Pink'],132 ['Transparent Pink Glitter']
ee8ade DF6695,45,Trans-Dark Pink,DF6695,5634,1920,1998,2026,"113 ['Tr. Medi. reddish violet', 'TR.ML.R.VIOL']",37 ['Trans_Dark_Pink'],50 ['Trans-Dark Pink'],99 ['Transparent Dark Pink']
ed87fd FE78B0,1082,Clikits Pink,FE78B0,32,10,2006,2006,295 ['Flamingo Pink'],295 ['Flamingo_Pink'],,
ea85cc CD6298,69,Light Purple,CD6298,102,38,2003,2006,"198 ['Bright Reddish Lilac', 'BR. RED. LILAC']",69 ['Light_Purple'],93 ['Light Purple'],69 ['Light Purple']
ea3ee3 E4ADC8,29,Bright Pink,E4ADC8,17557,5544,2003,2026,"222 ['Light Purple', 'LGH. PURPLE']",29 ['Bright_Pink'],104 ['Bright Pink'],45 ['Bright Pink']
ea3ee3 E4ADC8,230,Trans-Pink,E4ADC8,436,183,2003,2025,230 ['TR. BR. PURPLE'],45 ['Trans_Pink'],107 ['Trans-Pink'],106 ['Transparent Pink']
ea3ee3 E4ADC8,1099,Glitter Trans-Pink,E4ADC8,2,1,2005,2005,301 ['Trans Bright Purple w/ Glitter'],,,
e870c7 C870A0,5,Dark Pink,C870A0,14647,4625,2003,2026,"221 ['Bright Purple', 'BR. PURPLE']",5 ['Dark_Pink'],47 ['Dark Pink'],17 ['Dark Pink']
e1dbcd CE1D9B,1054,Opal Trans-Dark Pink,CE1D9B,198,76,2020,2026,"364 ['Transparent Medium Reddish Violet with Opalescence', 'Tr.M.Violet Opa']",364 ['Opal_Trans_Dark_Pink'],224 ['Satin Trans-Dark Pink'],199 ['Transparent Dark Pink Opal']
e19b91 923978,26,Magenta,923978,12789,4546,2000,2026,"124 ['Bright reddish violet', 'BR.RED-VIOL.']",26 ['Magenta'],71 ['Magenta'],72 ['Magenta']
e18ca9 AA4D8E,63,Chrome Pink,AA4D8E,19,12,2001,2018,,63 ['Chrome_Pink'],82 ['Chrome Pink'],114 ['Chrome Pink']
d6ff80 81007B,22,Purple,81007B,1005,318,1997,2005,"104 ['Bright violet', 'BR. VIOLET']",22 ['Purple'],24 ['Purple'],4 ['Purple']
d44983 845E84,373,Sand Purple,845E84,73,21,2001,2003,136 ['Sand violet'],373 ['Sand_Purple'],54 ['Sand Purple'],86 ['Sand Purple']
cf6f96 8E5597,1007,Reddish Lilac,8E5597,49,22,2004,2005,218 ['RED. LILAC'],218 ['Reddish_Lilac'],227 ['Clikits Lavender'],223 ['Very Light Purple']
cc4b9e 96709F,236,Trans-Light Purple,96709F,71,37,2000,2006,"284 ['TR. RED-LILAC', 'TR. RE-LILAC']","44 ['Trans_Light_Purple']\n284 ['Trans_Light_Purple']",114 ['Trans-Light Purple'],26 ['Transparent Light Purple']
cb5ab9 AC78BA,30,Medium Lavender,AC78BA,9132,3119,2011,2026,"324 ['Medium Lavender', 'MEDIUM LAVENDEL']",30 ['Medium_Lavender'],157 ['Medium Lavender'],76 ['Medium Lavender']
c6d2b6 8320B7,1059,Opal Trans-Purple,8320B7,284,97,2020,2026,365 ['Tr.Violet Opal'],365 ['Opal_Trans_Purple'],230 ['Satin Trans-Purple'],203 ['Transparent Purple Opal']
c3ff81 4B0082,1046,Modulex Foil Violet,4B0082,0,0,,,,,216 ['Mx Foil Violet'],
bf1aec E1D5ED,31,Lavender,E1D5ED,7920,2164,2011,2026,325 ['Lavender'],31 ['Lavender'],154 ['Lavender'],36 ['Lavender']
bcc4a9 5F27AA,1101,Duplo Dark Purple,5F27AA,1,1,2003,2003,197 ['Bright Lilac'],,,
bb5bb2 8D73B3,1097,Glitter Trans-Medium Purple,8D73B3,6,3,2005,2005,303 ['Trans Br Reddish Lilac w/ Glitter'],,,
bb5bb2 8D73B3,1094,Trans-Medium Purple,8D73B3,258,92,2003,2006,236 ['Transparent Bright Reddish Lilac'],,234 ['Trans-Medium Purple'],107 ['Transparent Purple']
b11352 4D4C52,1018,Modulex Black,4D4C52,2499,310,1963,1963,,,128 ['Mx Black'],136 ['Modulex Black']
aea090 3F3691,85,Dark Purple,3F3691,16303,5753,2000,2026,"268 ['Medium Lilac', 'M. LILAC']",85 ['Medium_Lilac'],89 ['Dark Purple'],55 ['Dark Purple']
ab5de3 9391E4,1001,Medium Violet,9391E4,11,11,2000,2005,219 ['Lilac'],"219 ['Lilac']\n112 ['Medium_Violet']",245 ['Lilac'],221 ['Lilac']
aa30ca A5A5CB,129,Glitter Trans-Purple,A5A5CB,169,74,2000,2025,"129 ['Tr. Bright Bluish Violet w. Glitter 2%', 'TR.BR.BL.V.G']",129 ['Glitter_Trans_Purple'],102 ['Glitter Trans-Purple'],22 ['Transparent Purple Glitter']
aa30ca A5A5CB,52,Trans-Purple,A5A5CB,3030,851,2000,2026,"126 ['Tr. Bright bluish violet', 'TR.KL.BL.VIO']",52 ['Trans_Purple'],51 ['Trans-Purple'],107 ['Transparent Purple']
a81ce1 C9CAE2,20,Light Violet,C9CAE2,182,124,1994,2002,"39 ['Light bluish violet', 'L.BLUEVIOL']",20 ['Light_Violet'],44 ['Light Violet'],16 ['Light Violet']
a75cfe A3A9FF,1147,Blue Violet,A3A9FF,64,13,2026,2026,431 ['Blue Violet'],,174 ['Blue Violet'],
a748c9 9195CA,1093,Light Lilac,9195CA,51,19,2003,2011,220 ['Light Lilac'],,246 ['Light Lilac'],16 ['Light Violet']
a5d1af 2032B0,23,Dark Blue-Violet,2032B0,9,9,2004,2006,"196 ['Dark Royal blue', 'DK. R.BLUE']",23 ['Dark_Blue_Violet'],109 ['Dark Blue-Violet'],49 ['Dark Royal Blue']
a57cc9 6874CA,112,Medium Bluish Violet,6874CA,63,55,1999,2005,"112 ['Medium Bluish Violet', 'ML.BLUEVIOL']\n213 ['Medium Royal Blue']",112 ['Medium_Violet'],73 ['Medium Violet'],78 ['Medium Violet']
a4a7da 4C61DB,89,Royal Blue,4C61DB,190,67,2004,2005,195 ['R. BLUE'],89 ['Blue_Violet'],97 ['Royal Blue'],40 ['Royal Blue']
a2ff9f 0020A0,1061,Opal Trans-Dark Blue,0020A0,211,53,2021,2026,366 ['Transparent Blue With Opalescence'],10366 ['Opal_Trans_Dark_Blue'],232 ['Satin Trans-Dark Blue'],209 ['Transparent Dark Blue Opal']
a2ff9f 0020A0,33,Trans-Dark Blue,0020A0,10609,3277,1965,2026,"43 ['Tr. Blue', 'TR.BLUE']",33 ['Trans_Dark_Blue'],14 ['Trans-Dark Blue'],98 ['Transparent Dark Blue']
a296a2 4354A3,110,Violet,4354A3,191,119,1992,2008,"110 ['Bright Bluish Violet', 'BR.BLUEVIOL']",110 ['Violet'],43 ['Violet'],15 ['Violet']
9f1fc6 AfB5C7,1014,Modulex Light Bluish Gray,AfB5C7,10,10,1963,1963,,,124 ['Mx Light Bluish Gray'],28 ['Modulex Medium Stone Gray']
9dbe27 0A1327,1073,Pearl Black,0A1327,35,19,2000,2006,"149 ['Metallic Black', 'MET.BLACK']",83 ['Pearl_Black'],244 ['Pearl Black'],185 ['Pearl Black']
9d67a0 6074A1,379,Sand Blue,6074A1,9942,2708,2001,2026,135 ['Sand blue'],379 ['Sand_Blue'],55 ['Sand Blue'],85 ['Sand Blue']
9a3fa0 7988A1,137,Pearl Sand Blue,7988A1,171,77,2000,2006,"145 ['Sand blue metallic', 'MET.SAND.BLU']",137 ['Metal_Blue'],78 ['Pearl Sand Blue'],118 ['Metallic Blue']
986cc7 7396c8,1123,HO Medium Blue,7396c8,2,2,1958,1958,,,,
97ffbe 0055BF,1,Blue,0055BF,199981,48481,1949,2026,"23 ['Bright Blue', 'BR.BLUE']",1 ['Blue'],7 ['Blue'],39 ['Blue']
9796da 5A93DB,73,Medium Blue,5A93DB,13241,3483,1997,2025,"102 ['Medium blue', 'MD.BLUE']",73 ['Medium_Blue'],42 ['Medium Blue'],14 ['Medium Blue']
96e563 0A3463,272,Dark Blue,0A3463,50632,14444,1999,2026,"140 ['Earth blue']\n428 ['Earth Blue V.3.']",272 ['Dark_Blue'],63 ['Dark Blue'],48 ['Dark Blue']
96e563 0A3463,1109,HO Dark Blue,0A3463,9,9,1958,1965,,,,
9645f6 B4D4F7,1006,Trans-Light Royal Blue,B4D4F7,90,48,2005,2005,"293 ['TR. L.ROYAL BLUE', 'TR.L.ROYAL BLUE']",293 ['Trans_Light_Blue_Violet'],,163 ['Transparent Light Royal Blue']
9629f6 CFE2F7,143,Trans-Medium Blue,CFE2F7,704,250,2001,2018,"143 ['Tr. Flu. Blue', 'TR.FL. BLUE']",41 ['Trans_Medium_Blue'],74 ['Trans-Medium Blue'],102 ['Transparent Medium Blue']
959efe 61AFFF,1035,Modulex Medium Blue,61AFFF,7,7,1963,1963,,,144 ['Mx Medium Blue'],144 ['Modulex Medium Blue']
9556a5 6e8aa6,1131,HO Sand Blue,6e8aa6,3,3,1957,1965,,,,
9551e8 9FC3E9,212,Bright Light Blue,9FC3E9,8562,2589,2004,2026,"212 ['Light Royal blue', 'LGH. ROY. BLUE']",212 ['Bright_Light_Blue'],105 ['Bright Light Blue'],42 ['Bright Light Blue']
94ffa5 0057A6,1034,Modulex Tile Blue,0057A6,80,79,1963,1963,,,143 ['Mx Tile Blue'],34 ['Modulex Tile Blue']
94ffa5 0057A6,1044,Modulex Foil Dark Blue,0057A6,0,0,,,,,214 ['Mx Foil Dark Blue'],
946fbe 6C96BF,61,Chrome Blue,6C96BF,26,16,1998,2006,,61 ['Chrome_Blue'],52 ['Chrome Blue'],112 ['Chrome Blue']
93ffa2 0059A3,1070,Pearl Blue,0059A3,21,16,2003,2009,"185 ['Metallic Bright Blue', 'MET. BR. BLUE']",185 ['Metallic_Bright_Blue'],254 ['Pearl Blue'],189 ['Pearl Blue']
8f35e2 B4D2E3,9,Light Blue,B4D2E3,42,33,1995,2007,45 ['Light blue'],9 ['Light_Blue'],62 ['Light Blue'],63 ['Light Blue']
8f32ef C1DFF0,43,Trans-Very Lt Blue,C1DFF0,232,76,2003,2006,"229 ['Transparent Light Bluish Green', 'TR. LGH. BL. GR']",39 ['Trans_Very_Light_Blue'],113 ['Trans-Aqua'],25 ['Transparent Very Light Blue']
8ebac2 3592C3,313,Maersk Blue,3592C3,469,101,1974,2006,,313 ['Maersk_Blue'],72 ['Maersk Blue'],71 ['Maersk Blue']
8e528b 5f7d8c,1128,HO Metallic Sand Blue,5f7d8c,1,1,1958,1958,,,,
8df6c8 078BC9,321,Dark Azure,078BC9,15146,5276,2011,2026,321 ['Dark Azur'],321 ['Dark_Azure'],153 ['Dark Azure'],47 ['Dark Azure']
8de5ca 1591cb,1105,HO Azure,1591cb,1,1,1963,1963,,,,
8dde63 0d4763,1125,HO Metallic Blue,0d4763,3,3,1958,1961,,,,
8d7ecd 68AECE,1045,Modulex Foil Light Blue,68AECE,0,0,,,,,215 ['Mx Foil Light Blue'],
8d7ecd 68AECE,1036,Modulex Pastel Blue,68AECE,19,19,1963,1963,,,145 ['Mx Pastel Blue'],145 ['Modulex Pastel Blue']
8d7db2 5b98b3,1107,HO Cyan,5b98b3,1,1,1958,1958,,,,
8d7782 467083,1033,Modulex Teal Blue,467083,1104,15,1963,1963,,,146 ['Mx Teal Blue'],149 ['Modulex Teal Blue']
8d6fdc 7DBFDD,232,Sky Blue,7DBFDD,131,62,2003,2007,"232 ['Dove blue', 'DO. BLUE']",232 ['Sky_Blue'],87 ['Sky Blue'],88 ['Sky Blue']
8d695a 354e5a,1106,HO Blue-gray,354e5a,3,3,1958,1970,,,,
8ba8b5 3E95B6,1075,Duplo Medium Blue,3E95B6,1,1,2004,2004,269 ['Tiny-Medium Blue'],,,
89ffcd 009ECE,1074,Duplo Blue,009ECE,6,6,2003,2004,188 ['Tiny Blue'],,247 ['Little Robots Blue'],
87fbbc 039CBD,1008,Vintage Blue,039CBD,24,4,1949,1949,,,,
8796d9 5AC4DA,1051,Pastel Blue,5AC4DA,734,101,2000,2011,"11 ['Pastel Blue', 'PASTBLU']",,72 ['Maersk Blue'],71 ['Maersk Blue']
85b7be 36AEBF,322,Medium Azure,36AEBF,26754,9524,2012,2026,"322 ['Medium Azure', 'MEDIUM AZUR']",322 ['Medium_Azure'],156 ['Medium Azure'],73 ['Medium Azure']
8483ae 55A5AF,11,Light Turquoise,55A5AF,164,78,1998,2004,"116 ['Med. bluish green', 'MD.BL-GREEN']",11 ['Light_Turquoise'],40 ['Light Turquoise'],12 ['Light Turquoise']
8478c4 68BCC5,1003,Glitter Trans-Light Blue,68BCC5,91,43,2015,2024,"302 ['PCTR LI.BLUE W/', 'TR LI.BLUE W/']",302 ['Glitter_Trans_Light_Blue'],162 ['Glitter Trans-Light Blue'],165 ['Transparent Light Blue Glitter']
8478c4 68BCC5,1053,Opal Trans-Light Blue,68BCC5,904,255,2020,2026,"362 ['Transparent Blue Opal', 'TR.BLUE OPAL']",362 ['Opal_Trans_Light_Blue'],223 ['Satin Trans-Light Blue'],175 ['Transparent Blue Opal']
83ff9a 008F9B,3,Dark Turquoise,008F9B,21957,5782,1998,2026,"107 ['Bright bluish green', 'BR.BLUEGREEN']",3 ['Dark_Turquoise'],39 ['Dark Turquoise'],58 ['Dark Turquoise']
83e59c 10929d,1115,HO Dark Turquoise,10929d,1,1,1965,1965,,,,
7e45ee AEEFEC,41,Trans-Light Blue,AEEFEC,31566,9116,1985,2026,"42 ['Tr. Lg blue', 'TR.L.BLUE', 'TR. LIGHT BLUE']",43 ['Trans_Medium_Blue'],15 ['Trans-Light Blue'],101 ['Transparent Light Blue']
7cb585 27867E,1032,Modulex Aqua Green,27867E,16,16,1963,1963,,,142 ['Mx Aqua Green'],135 ['Modulex Aqua Green']
7a1dc2 ADC3C0,323,Light Aqua,ADC3C0,10170,2960,2011,2026,323 ['Aqua'],323 ['Light_Aqua'],152 ['Light Aqua'],62 ['Light Aqua']
782bd6 B3D7D1,1104,HO Aqua,B3D7D1,1,1,1958,1958,,,,
782bd6 B3D7D1,118,Aqua,B3D7D1,323,131,1998,2018,"118 ['Light bluish green', 'L.BLUE-GREEN']",118 ['Aqua'],41 ['Aqua'],13 ['Aqua']
77a7b5 3FB69E,1090,Duplo Turquoise,3FB69E,2,2,2003,2003,,,,
753ddb a7dccf,1108,HO Dark Aqua,a7dccf,1,1,1958,1958,,,,
7038d0 a3d1c0,1118,HO Light Aqua,a3d1c0,1,1,1958,1958,,,,
6da846 184632,1111,HO Dark Green,184632,4,4,1958,1964,,,,
6da846 184632,288,Dark Green,184632,23802,5680,1999,2026,"141 ['Earth Green', 'EARTH GREEN']",288 ['Dark_Green'],80 ['Dark Green'],20 ['Dark Green']
68aab2 3CB371,62,Chrome Green,3CB371,2,2,1999,1999,,62 ['Chrome_Green'],64 ['Chrome Green'],113 ['Chrome Green']
687adb 73DCA1,74,Medium Green,73DCA1,569,307,1994,2005,"29 ['Medium green', 'MD.GREEN']",74 ['Medium_Green'],37 ['Medium Green'],10 ['Medium Green']
67ff8d 008E3C,1071,Pearl Green,008E3C,21,15,2003,2006,"186 ['Metallic Dark Green', 'MET. DK. GREEN']",186 ['Metallic_Dark_Green'],253 ['Pearl Green'],183 ['Pearl Green']
6726bb A0BCAC,378,Sand Green,A0BCAC,23860,4875,2000,2026,151 ['Sand green'],378 ['Sand_Green'],48 ['Sand Green'],18 ['Sand Green']
6726bb A0BCAC,1132,HO Sand Green,A0BCAC,3,3,1958,1964,,,,
657e89 468A5F,1078,Duplo Medium Green,468A5F,1,1,2003,2003,210 ['Faded Green'],,,
64b578 237841,2,Green,237841,86199,25612,1949,2026,"28 ['Dark green', 'DK.GREEN']",2 ['Green'],6 ['Green'],61 ['Green']
615ae4 94E5AB,1058,Trans-Light Green,94E5AB,42,16,2005,2006,285 ['Transparent Light Green'],285 ['TranS_Light_Green'],221 ['Trans-Light Green'],191 ['Transparent Light Green']
5f7bb9 60BA76,1079,Duplo Light Green,60BA76,1,1,2004,2004,233 ['Light Faded Green'],,,
5d46b5 84B68D,1098,Glitter Trans-Green,84B68D,1,1,2000,2000,"155 ['Transparent Green with Glitter']\n175 ['Transparent Green with Glitter']",,,
5d46b5 84B68D,34,Trans-Green,84B68D,5292,2240,1969,2026,"48 ['Tr. Green', 'TR.GREEN']",34 ['Trans_Green'],20 ['Trans-Green'],100 ['Transparent Green']
5d46b5 84B68D,1060,Opal Trans-Bright Green,84B68D,143,23,2021,2025,367 ['Transparent Green With Opalescence'],367 ['Opal_Trans_Green'],233 ['Satin Trans-Bright Green'],207 ['Transparent Green Opal']
55ff64 006400,1042,Modulex Foil Dark Green,006400,0,0,,,,,212 ['Mx Foil Dark Green'],
55af60 1E601E,1009,Vintage Green,1E601E,32,8,1949,1949,,,,
5586fb 78FC78,1077,Fabuland Lime,78FC78,16,15,1982,1986,14 ['Pastel Green'],510 ['Fabuland_Pastel_Green'],248 ['Fabuland Lime'],
55327a 627a62,1114,HO Dark Sand Green,627a62,1,1,1958,1958,,,,
54889e 4B9F4A,10,Bright Green,4B9F4A,24975,7717,1949,2026,"37 ['Bright Green', 'BR.GREEN']",10 ['Bright_Green'],36 ['Bright Green'],41 ['Bright Green']
4928d9 C2DAB8,17,Light Green,C2DAB8,165,124,1992,2005,"6 ['Light green', 'L.GREEN']",17 ['Light_Green'],38 ['Light Green'],11 ['Light Green']
3eb0b4 7DB538,1043,Modulex Foil Light Green,7DB538,0,0,,,,,213 ['Mx Foil Light Green'],
3eb0b4 7DB538,1030,Modulex Pastel Green,7DB538,35,34,1963,1963,,,141 ['Mx Pastel Green'],33 ['Modulex Pastel Green']
3a20c5 BDC6AD,294,Glow In Dark Trans,BDC6AD,131,43,2005,2011,"294 ['Phosphorescent Green', 'PH.GREEN']",294 ['Glow_In_Dark_Trans'],118 ['Glow In Dark Trans'],128 ['Glow in the Dark Transparent']
395297 879867,1127,HO Metallic Green,879867,1,1,1958,1958,,,,
390e6e 6C6E68,76,Speckle DBGray-Silver,6C6E68,12,9,2006,2006,304 ['CO. SILVER DIF'],76 ['Speckle_Dark_Bluish_Gray_Silver'],117 ['Speckle DBGray-Silver'],134 ['Speckle Gray']
38708f 7C9051,1031,Modulex Olive Green,7C9051,1111,21,1963,1963,,,140 ['Mx Olive Green'],32 ['Modulex Olive Green']
3869e6 C9E788,1057,Trans-Light Bright Green,C9E788,119,48,2003,2006,"227 ['Transparent Bright Yellowish Green', 'TR. BR. YEL GR']",227 ['Trans_Bright_Light_Green'],226 ['Trans-Light Bright Green'],205 ['Transparent Light Bright Green']
377079 6A7944,1086,Pearl Lime,6A7944,41,39,2002,2004,200 ['Lemon Metallic'],200 ['Lemon_Metallic'],,125 ['Metallic Green']
37639a 899B5F,81,Metallic Green,899B5F,23,13,2001,2001,,81 ['Metallic_Green'],70 ['Metallic Green'],125 ['Metallic Green']
34fff4 C0F500,1002,Glitter Trans-Neon Green,C0F500,9,8,2015,2018,339 ['TR.FL.GRE W/GLI'],339 ['Glitter_Trans_Neon_Green'],163 ['Glitter Trans-Neon Green'],167 ['Transparent Neon Green Glitter']
34bbfb D2FC43,1141,Neon Green,D2FC43,13,7,1999,1999,134 ['Neon Green'],,166 ['Neon Green'],
33f3e8 BBE90B,27,Lime,BBE90B,42369,14016,1997,2026,"119 ['Br. yellowish green', 'BR.YEL-GREEN', 'BRIGHT YELLOWISH GREEN']",27 ['Lime'],34 ['Lime'],70 ['Lime']
334eed DFEEA5,158,Yellowish Green,DFEEA5,3540,1035,2012,2026,"326 ['Spring Yellow Green', 'SPR. YELL. GREE']",326 ['Yellowish_Green'],158 ['Yellowish Green'],94 ['Yellowish Green']
3244e3 D9E4A7,1096,Glitter Trans-Bright Green,D9E4A7,0,0,,,351 ['Transparent Bright Green w/ Glitter'],,,
3244e3 D9E4A7,120,Light Lime,D9E4A7,28,20,1998,2007,"120 ['Lig. yellowish green', 'L.YEL-GREEN']",120 ['Light_Lime'],35 ['Light Lime'],67 ['Light Lime']
3244e3 D9E4A7,35,Trans-Bright Green,D9E4A7,3546,1266,2010,2026,"311 ['Transparent Bright Green', 'TR. BR. GREEN']",35 ['Trans_Bright_Green'],108 ['Trans-Bright Green'],96 ['Transparent Bright Green']
2eb6d1 C7D23C,115,Medium Lime,C7D23C,192,105,1998,2005,"115 ['Med. yellowish green', 'MD.YEL-GREEN']",115 ['Medium_Lime'],76 ['Medium Lime'],77 ['Medium Lime']
2e44f9 f5fab7,1122,HO Light Yellow,f5fab7,1,1,1958,1958,,,,
2de0c5 BDC618,1029,Modulex Lemon,BDC618,23,23,1963,1963,,,139 ['Mx Lemon'],140 ['Modulex Lemon']
2d8ab8 b2b955,1112,HO Dark Lime,b2b955,1,1,1958,1958,,,,
2d2a6e 6D6E5C,1110,HO Dark Gray,6D6E5C,11,11,1961,1964,,,,
2a6b9a 9B9A5A,1129,HO Olive Green,9B9A5A,12,12,1957,1965,,,,
2a6b9a 9B9A5A,326,Olive Green,9B9A5A,11078,2388,2010,2026,"330 ['Olive Green', 'OLIVE GREEN']",330 ['Olive_Green'],155 ['Olive Green'],79 ['Olive Green']
296b5d 5d5c36,1142,Dark Olive Green,5d5c36,11,2,2000,2001,144 ['Dark Army Green'],,242 ['Dark Olive Green'],
28cffe FFF230,1076,Duplo Lime,FFF230,5,3,1992,1992,15 ['Lemon'],,171 ['Lemon'],67 ['Light Lime']
2877f7 F8F184,42,Trans-Neon Green,F8F184,6796,2335,1990,2024,"49 ['Tr. Flu. Green', 'TR.FL.GREEN']",42 ['Trans_Neon_Green'],16 ['Trans-Neon Green'],103 ['Transparent Neon Green']
27ffea EBD800,1062,Vibrant Yellow,EBD800,2021,612,2022,2026,368 ['Vibrant Yellow'],368 ['Vibrant_Yellow'],236 ['Neon Yellow'],211 ['Vibrant Yellow']
27c5fe FFF03A,226,Bright Light Yellow,FFF03A,11330,3546,2004,2026,"226 ['Cool Yellow', 'COOL YEL.', 'COMPD. COOL YELLOW V.3']",226 ['Bright_Light_Yellow'],103 ['Bright Light Yellow'],44 ['Bright Light Yellow']
2433f8 f9f1c7,1121,HO Light Tan,f9f1c7,4,4,1958,1964,,,,
23acba BBA53D,334,Chrome Gold,BBA53D,2171,838,1989,2025,310 ['Metalized Gold'],334 ['Chrome_Gold'],21 ['Chrome Gold'],2 ['Chrome Gold']
236dfa FBE890,1005,Trans-Fire Yellow,FBE890,41,16,2003,2006,234 ['TR. FIRE YELL'],234 ['Trans_Fire_Yellow'],,162 ['Transparent Fire Yellow']
22ffd9 DAB000,54,Trans-Neon Yellow,DAB000,187,57,2001,2005,157 ['Transparent Fluorescent Yellow'],54 ['Trans_Neon_Yellow'],121 ['Trans-Neon Yellow'],104 ['Transparent Neon Yellow']
22faf2 F3C305,1011,Vintage Yellow,F3C305,24,4,1949,1949,,,,
22f4fe FFCF0B,1100,Clikits Yellow,FFCF0B,22,6,2003,2004,190 ['Fire Yellow'],,,93 ['Yellow']
22cef4 F5CD2F,46,Trans-Yellow,F5CD2F,12981,4374,1969,2026,"44 ['Tr. Yellow', 'TR.YEL']",46 ['Trans_Yellow'],19 ['Trans-Yellow'],109 ['Transparent Yellow']
22cef4 F5CD2F,1139,Opal Trans-Yellow,F5CD2F,19,11,2024,2026,376 ['Tr. Yellow Opal'],,170 ['Satin Trans-Yellow'],247 ['Transparent Yellow Opal']
22c5f1 F2CD37,14,Yellow,F2CD37,206499,69188,1949,2026,"24 ['Bright yellow', 'BR.YEL', 'BRIGHT YELLOW, VERSION 2']",14 ['Yellow'],3 ['Yellow'],93 ['Yellow']
228efe FFE371,1027,Modulex Light Yellow,FFE371,8,8,1963,1963,,,137 ['Mx Light Yellow'],143 ['Modulex Light Yellow']
2267fa FBE696,18,Light Yellow,FBE696,340,187,1994,2005,3 ['Light yellow'],18 ['Light_Yellow'],33 ['Light Yellow'],9 ['Light Yellow']
225bb3 b4a774,1117,HO Gold,b4a774,1,1,1958,1958,,,,
2242cc cdc298,1120,HO Light Gold,cdc298,2,2,1957,1958,,,,
20a8fd FED557,1028,Modulex Ochre Yellow,FED557,1107,18,1963,1963,,,138 ['Mx Ochre Yellow'],31 ['Modulex Ochre Yellow']
20a8fd FED557,1048,Modulex Foil Yellow,FED557,0,0,,,,,218 ['Mx Foil Yellow'],
1fc2da DBAC34,82,Metallic Gold,DBAC34,2779,691,1997,2026,"335 ['GOLD INK']\n299 ['W.GOLD, DR.LA.']",82 ['Metallic_Gold'],65 ['Metallic Gold'],124 ['Metallic Gold']
1f7a5c 5C5030,1020,Modulex Terracotta,5C5030,1622,38,1963,1963,,,134 ['Mx Terracotta'],150 ['Modulex Terracotta']
1dc0f7 F8BB3D,191,Bright Light Orange,F8BB3D,28706,9571,2003,2026,"191 ['Flame yellowish orange', 'FL. YELL-ORA', 'COMPD. FLAME YELLOWISH ORANGE']",191 ['Bright_Light_Orange'],110 ['Bright Light Orange'],43 ['Bright Light Orange']
1d4ee3 E4CD9E,19,Tan,E4CD9E,180183,43356,1982,2026,"5 ['Brick yellow', 'BRICK-YEL']",19 ['Tan'],2 ['Tan'],89 ['Tan']
1d4ee3 E4CD9E,1133,HO Tan,E4CD9E,3,3,1957,1964,,,,
1d3a94 958A73,28,Dark Tan,958A73,66523,15964,2000,2026,138 ['Sand yellow'],28 ['Dark_Tan'],69 ['Dark Tan'],57 ['Dark Tan']
1cbaa9 AA7F2E,297,Pearl Gold,AA7F2E,49729,14682,2004,2026,"297 ['Warm Gold', 'W.GOLD']",297 ['Pearl_Gold'],115 ['Pearl Gold'],120 ['Pearl Gold']
1c69db DCBC81,142,Pearl Light Gold,DCBC81,28,27,2000,2005,127 ['Gold'],142 ['Pearl_Light_Gold'],61 ['Pearl Light Gold'],121 ['Pearl Light Gold']
1bf4fe FFA70B,462,Medium Orange,FFA70B,494,284,1996,2008,"105 ['Br. yellowish orange', 'BR.YELORA']",462 ['Medium_Orange'],31 ['Medium Orange'],7 ['Medium Orange']
1b4cdd DEC69C,1022,Modulex Buff,DEC69C,1626,42,1963,1963,,,133 ['Mx Buff'],138 ['Modulex Buff']
1aff35 352100,308,Dark Brown,352100,23299,6527,2008,2026,"308 ['Dark Brown', 'DK. BROWN']",308 ['Dark_Brown'],120 ['Dark Brown'],51 ['Dark Brown']
1acadc DD982E,1066,Curry,DD982E,10,6,2004,2005,180 ['Curry'],,161 ['Dark Yellow'],169 ['Curry']
1a87fe FFCB78,1091,Warm Yellowish Orange,FFCB78,19,19,2004,2004,225 ['Warm Yellowish Orange'],,172 ['Warm Yellowish Orange'],8 ['Light Orange']
1a70f2 F3C988,1080,Light Tan,F3C988,1,1,2006,2006,224 ['Light Brick Yellow'],,,
19ffb3 B46A00,1063,Pearl Copper,B46A00,72,45,2017,2020,346 ['Copper Metallic'],,249 ['Reddish Copper'],227 ['Reddish Copper']
19e2f9 FA9C1C,366,Earth Orange,FA9C1C,170,132,1982,2005,12 ['L.ORABROWN'],366 ['Earth_Orange'],29 ['Earth Orange'],59 ['Earth Orange']
19addc DD9E47,1145,Ochre Yellow,DD9E47,10,10,2025,2026,424 ['Ochre Yellow'],,173 ['Ochre Yellow'],255 ['Ochre Yellow']
199cf8 F9BA61,125,Light Orange,F9BA61,66,46,1998,2004,121 ['Medium Yellowish Orange'],125 ['Light_Orange'],32 ['Light Orange'],8 ['Light Orange']
1996ab AC8247,1065,Reddish Gold,AC8247,79,68,2002,2006,"189 ['Reddish Gold', 'Gold Metallic']",189 ['Reddish_Gold'],235 ['Reddish Gold'],215 ['Reddish Gold']
195cf2 F3CF9B,68,Very Light Orange,F3CF9B,16,16,2000,2002,36 ['Light Yellowish Orange'],68 ['Very_Light_Orange'],96 ['Very Light Orange'],91 ['Very Light Orange']
193d64 645A4C,60,Chrome Antique Brass,645A4C,33,16,2001,2005,,60 ['Chrome_Antique_Brass'],57 ['Chrome Antique Brass'],110 ['Chrome Brass']
18daba bb771b,1116,HO Earth Orange,bb771b,2,2,1957,1958,,,,
18718f 907450,1021,Modulex Brown,907450,2223,36,1963,1963,,,132 ['Mx Brown'],137 ['Modulex Brown']
17e1ef F08F1C,182,Trans-Orange,F08F1C,15316,4892,2002,2026,"182 ['Tr. Bright Orange', 'TR. BR. ORANGE']",57 ['Trans_Orange'],98 ['Trans-Orange'],105 ['Transparent Orange']
17e1ef F08F1C,1052,Glitter Trans-Orange,F08F1C,1,1,2020,2020,341 ['TR.BR:ORA W/GLI'],341 ['Glitter_Trans_Orange'],222 ['Glitter Trans-Orange'],179 ['Transparent Orange with Glitter']
17dcee EF9121,1012,Fabuland Orange,EF9121,5,3,1983,1987,19 ['Light Brown'],509 ['Fabuland_Orange'],160 ['Fabuland Orange'],60 ['Fabuland Orange']
176fcb CCA373,1089,Warm Tan,CCA373,417,363,2022,2026,371 ['Warm Tan'],371 ['Medium_Tan'],241 ['Medium Tan'],217 ['Warm Tan']
1745f5 F6D7B3,78,Light Nougat,F6D7B3,10795,5711,2004,2026,"283 ['Light Nougat', 'L.NOUGAT']",78 ['Light_Flesh'],90 ['Light Nougat'],65 ['Light Flesh']
1691fb FCB76D,1004,Trans-Flame Yellowish Orange,FCB76D,214,82,2003,2006,231 ['TR. FL. YEL ORA'],231 ['Trans_Bright_Light_Orange'],164 ['Trans Light Orange'],171 ['Transparent Light Orange']
15ffa8 A95500,484,Dark Orange,A95500,25369,7619,1994,2026,"38 ['Dark Orange', 'DK.ORA']",484 ['Dark_Orange'],68 ['Dark Orange'],54 ['Dark Orange']
15e7fd FE8A18,25,Orange,FE8A18,51942,17024,1997,2026,"106 ['Bright orange', 'BR.ORANGE']",25 ['Orange'],4 ['Orange'],80 ['Orange']
1599f6 F7AD63,1049,Modulex Foil Orange,F7AD63,0,0,,,,,219 ['Mx Foil Orange'],
1599f6 F7AD63,1026,Modulex Light Orange,F7AD63,7,7,1963,1963,,,136 ['Mx Light Orange'],142 ['Modulex Light Orange']
1587b3 B48455,178,Flat Dark Gold,B48455,141,113,2002,2006,"147 ['Gold Metallic', 'MET.SAND.YEL']",178 ['Pearl_Yellow'],81 ['Flat Dark Gold'],21 ['Flat Dark Gold']
150473 737271,1085,Two-tone Silver,737271,6,6,2002,2002,179 ['Silver Flip/Flop'],,239 ['Bionicle Silver'],229 ['Bionicle Silver']
14f2fe FF800D,57,Trans-Neon Orange,FF800D,5607,1947,1993,2024,"47 ['Tr. Flu. Reddish orange', 'TR.FL.REDORA']",38 ['Trans_Neon_Orange'],18 ['Trans-Neon Orange'],161 ['Transparent Neon Reddish Orange']
14ebfe FF8014,1064,Fabuland Red,FF8014,23,16,1979,1994,13 ['Red Orange'],508 ['Fabuland_Red'],,
1480a9 AA7D55,84,Medium Nougat,AA7D55,37377,10826,2010,2026,"312 ['Medium Nougat', 'M. NOUGAT']",84 ['Medium_Nougat'],150 ['Medium Nougat'],74 ['Medium Dark Flesh']
128fb5 B67B50,450,Fabuland Brown,B67B50,55,43,1979,1991,4 ['Brick Red'],450 ['Fabuland_Brown'],106 ['Fabuland Brown'],23 ['Fabuland Brown']
126975 755945,1088,Medium Brown,755945,205,202,2022,2026,370 ['Medium Brown'],370 ['Medium_Brown'],240 ['Medium Brown'],213 ['Medium Brown']
11a9aa AB673A,1084,Two-tone Gold,AB673A,6,6,2002,2002,178 ['Yellow Flip/Flop'],,238 ['Bionicle Gold'],231 ['Bionicle Gold']
1180cf D09168,92,Nougat,D09168,2752,1130,1979,2026,18 ['Nougat'],92 ['Nougat'],28 ['Nougat'],6 ['Flesh']
10cdf3 F47B30,1025,Modulex Orange,F47B30,26,25,1963,1963,,,135 ['Mx Orange'],30 ['Modulex Orange']
109590 915C3C,1137,Sienna Brown,915C3C,50,49,2024,2025,422 ['Sienna Brown'],422 ['Sienna_Brown'],169 ['Sienna'],245 ['Sienna Brown']
108e58 583927,6,Brown,583927,9555,3782,1974,2006,"25 ['Earth Orange', 'EARTH-ORA']",6 ['Brown'],8 ['Brown'],46 ['Brown']
108e58 583927,1056,Opal Trans-Brown,583927,140,16,2020,2023,363 ['Transparent Brown With Opalescence'],363 ['Opal_Trans_Black'],229 ['Satin Trans-Black'],201 ['Transparent Black Opal']
107dad AE7A59,134,Copper,AE7A59,191,44,2004,2008,139 ['Copper'],134 ['Copper'],84 ['Copper'],116 ['Copper']
0fcb58 582A12,70,Reddish Brown,582A12,165406,47021,2003,2026,"192 ['Reddish Brown', 'RED. BROWN']",70 ['Reddish_Brown'],88 ['Reddish Brown'],82 ['Reddish Brown']
0ef1c9 CA4C0B,1136,Reddish Orange,CA4C0B,2918,667,2024,2026,402 ['Red. Orange'],402 ['Reddish_Orange'],167 ['Reddish Orange'],241 ['Reddish Orange']
0e887c 7C503A,86,Light Brown,7C503A,167,100,2002,2006,217 ['BROWN'],86 ['Light_Brown'],91 ['Light Brown'],52 ['Dark Flesh']
0da395 965336,1119,HO Light Brown,965336,1,1,1957,1957,,,,
0da1ac AD6140,1067,Dark Nougat,AD6140,10,10,2001,2004,"128 ['Dark Nougat', 'DARK NOUGAT']",128 ['Dark_Nougat'],225 ['Dark Nougat'],160 ['Dark Nougat']
0d8076 764D3B,1092,Metallic Copper,764D3B,52,18,2008,2012,"300 ['COPPER, DR.LA.']\n334 ['COPPER INK']",300 ['Metallic_Copper'],250 ['Metallic Copper'],225 ['Metallic Copper']
0d7e57 57392C,1072,Pearl Brown,57392C,35,17,2003,2006,"187 ['Metallic Earth Orange', 'MET. EAR.ORA']",,255 ['Pearl Brown'],219 ['Pearl Brown']
0c755e 5E3F33,1138,Umber Brown,5E3F33,14,14,2024,2026,423 ['Umber Brown'],423 ['Umber_Brown'],168 ['Umber'],243 ['Umber Brown']
0aeceb EC4612,1140,Neon Orange,EC4612,8,3,1999,1999,133 ['Neon Orange'],,165 ['Neon Orange'],
08d486 872B17,1081,Rust Orange,872B17,3,3,2004,2005,216 ['Rust'],216 ['Rust'],,83 ['Rust']
07c7ed EE5434,1068,Bright Reddish Orange,EE5434,16,13,2003,2004,123 ['Bright Reddish Orange'],,231 ['Dark Salmon'],158 ['Bright Reddish Orange']
07bcf3 F45C40,1024,Modulex Pink Red,F45C40,7,7,1963,1963,,,130 ['Mx Pink Red'],147 ['Modulex Pink Red']
05f5c9 CA1F08,1010,Vintage Red,CA1F08,31,8,1949,1949,,,,
059cf1 F2705E,12,Salmon,F2705E,185,115,1997,2000,101 ['Medium Red'],12 ['Salmon'],25 ['Salmon'],84 ['Salmon']
058393 945148,1083,Two-tone Copper,945148,2,2,2001,2001,176 ['Red Flip/Flop'],,237 ['Bionicle Copper'],233 ['Bionicle Copper']
04f4c8 C91A09,4,Red,C91A09,307793,92084,1949,2026,"21 ['Bright red', 'BR.RED']",4 ['Red'],5 ['Red'],81 ['Red']
04f4c8 C91A09,36,Trans-Red,C91A09,20136,7041,1969,2026,"41 ['Tr. Red', 'TR.RED']",36 ['Trans_Red'],17 ['Trans-Red'],108 ['Transparent Red']
04d6cd CE3021,1144,Chrome Red,CE3021,4,4,2003,2009,,,,
03f9b2 B31004,216,Rust,B31004,31,17,1989,2001,,216 ['Rust'],27 ['Rust'],83 ['Rust']
03d2b4 B52C20,1023,Modulex Red,B52C20,26,26,1963,1963,,,129 ['Mx Red'],148 ['Modulex Red']
0177d5 D67572,335,Sand Red,D67572,603,51,2001,2004,153 ['Sand red'],335 ['Sand_Red'],58 ['Sand Red'],87 ['Sand Red']
00ff8a 8B0000,1047,Modulex Foil Red,8B0000,0,0,,,,,217 ['Mx Foil Red'],
00ff33 330000,1019,Modulex Tile Brown,330000,158,157,1963,1963,,,131 ['Mx Tile Brown'],151 ['Modulex Tile Brown']
00fe00 FFFFFF,79,Milky White,FFFFFF,239,158,1963,2008,20 ['Nature'],79 ['Milky_White'],60 ['Milky White'],130 ['Translucent White']
00fb00 FCFCFC,47,Trans-Clear,FCFCFC,45286,14691,1954,2026,"40 ['Transparent', 'TR.']",47 ['Trans_Clear'],12 ['Trans-Clear'],97 ['Transparent']
00f201 F2F3F2,183,Pearl White,F2F3F2,46,19,2003,2021,"183 ['Metallic White', 'MET. WHITE']",183 ['Pearl_White'],83 ['Pearl White'],123 ['Pearlescent']
00e8bf c01111,1124,HO Medium Red,c01111,4,4,1957,1958,,,,
00e50d E6E3DA,503,Very Light Gray,E6E3DA,259,49,1997,2004,103 ['Light grey'],503 ['Very_Light_Gray'],49 ['Very Light Gray'],19 ['Very Light Gray']
00e507 E6E3E0,151,Very Light Bluish Gray,E6E3E0,283,152,1998,2013,"208 ['Light stone grey', 'LGH. ST. GREY']",151 ['Very_Light_Bluish_Gray'],99 ['Very Light Bluish Gray'],90 ['Light Stone Gray']
00df00 E0E0E0,383,Chrome Silver,E0E0E0,1325,625,1977,2025,309 ['Metalized Silver'],383 ['Chrome_Silver'],22 ['Chrome Silver'],115 ['Chrome Silver']
00d40e D4D5C9,21,Glow In Dark Opaque,D4D5C9,209,151,1990,2006,"50 ['Phosp. White', 'PHOS.WHITE']",21 ['Glow_In_Dark_Opaque'],46 ['Glow In Dark Opaque'],127 ['Glow in the Dark Opaque']
00b315 A5ADB4,1135,Metal,A5ADB4,55,30,1957,2021,,,,
00b315 A5A9B4,80,Metallic Silver,A5A9B4,3857,1269,1998,2026,"336 ['SILVER INK']\n298 ['C.SILVER, DR. L']",80 ['Metallic_Silver'],67 ['Metallic Silver'],126 ['Metallic Silver']
00ac03 ABADAC,150,Pearl Very Light Gray,ABADAC,40,29,2000,2004,150 ['Metallic Light Gray'],150 ['Pearl_Very_Light_Grey'],119 ['Pearl Very Light Gray'],27 ['Pearl Very Light Gray']
00a80e A0A5A9,71,Light Bluish Gray,A0A5A9,487901,127839,2002,2026,"194 ['Medium stone grey', 'MED. ST-GREY']",71 ['Light_Bluish_Gray'],86 ['Light Bluish Gray'],64 ['Medium Stone Gray']
00a712 9CA3A8,135,Pearl Light Gray,9CA3A8,5488,2388,2000,2011,"296 ['Cool silver']\n131 ['Silver']",135 ['Pearl_Light_Gray'],66 ['Pearl Light Gray'],122 ['Pearl Light Gray']
00a00a 9BA19D,7,Light Gray,9BA19D,92797,25158,1954,2007,2 ['Grey'],7 ['Light_Gray'],9 ['Light Gray'],66 ['Light Gray']
008804 898788,179,Flat Silver,898788,22219,8357,2009,2026,"315 ['Silver Metallic', 'SILVER MET.']",179 ['Pearl_Silver'],95 ['Flat Silver'],117 ['Flat Silver']
0087cf d06262,1130,HO Rose,d06262,1,1,1958,1958,,,,
006e2a 6D6E5C,8,Dark Gray,6D6E5C,22433,7790,1978,2008,"27 ['Dark grey', 'DK.GREY']",8 ['Dark_Gray'],10 ['Dark Gray'],53 ['Dark Gray']
006e0e 6C6E68,72,Dark Bluish Gray,6C6E68,353546,98969,1999,2026,"199 ['Dark stone grey', 'DK. ST. GREY']",72 ['Dark_Bluish_Gray'],85 ['Dark Bluish Gray'],50 ['Dark Stone Gray']
00632c 635F52,40,Trans-Brown,635F52,8654,3007,1999,2025,"111 ['Tr. Brown', 'TR.BROWN']",40 ['Trans_Black'],13 ['Trans-Black'],95 ['Transparent Black']
00632c 635F52,1095,Trans-Black,635F52,845,181,2023,2026,375 ['Tr. Black'],10375 ['Trans_Black'],251 ['Trans-Black (2023)'],235 ['Transparent Black (New)']
00632c 635F52,32,Trans-Black IR Lens,635F52,0,0,,,"109 ['Black IR']\n355 ['Tr.Black IR']",32 ['Trans_Black_IR_Lens'],,
006013 595D60,1016,Modulex Charcoal Gray,595D60,2,2,1963,1963,,,126 ['Mx Charcoal Gray'],29 ['Modulex Charcoal Gray']
006013 595D60,1040,Modulex Foil Dark Gray,595D60,0,0,,,,,210 ['Mx Foil Dark Gray'],
005803 575857,148,Pearl Dark Gray,575857,532,281,2001,2010,"148 ['Mettalic Dark Grey', 'MET.DK.GREY']",148 ['Pearl_Dark_Gray'],77 ['Pearl Dark Gray'],119 ['Pearl Dark Gray']
003e15 3E3C39,1103,Pearl Titanium,3E3C39,7351,3229,2010,2026,"316 ['Titanium Metallic', 'TITAN. METAL.']",87 ['Metallic_Dark_Gray'],77 ['Pearl Dark Gray'],119 ['Pearl Dark Gray']
00347b 1B2A34,64,Chrome Black,1B2A34,10,10,2008,2020,,64 ['Chrome_Black'],122 ['Chrome Black'],111 ['Chrome Black']
00296b 6B5A5A,1017,Modulex Tile Gray,6B5A5A,219,218,1963,1963,,,127 ['Mx Tile Gray'],152 ['Modulex Tile Gray']
001dd3 05131D,133,Speckle Black-Gold,05131D,5,5,2010,2011,"305 ['Warm Gold, Diffuse']",133 ['Speckle_Black_Gold'],151 ['Speckle Black-Gold'],35 ['Speckle Black Gold']
001dd3 05131D,75,Speckle Black-Copper,05131D,10,7,2006,2006,306 ['COP. DIF.'],75 ['Speckle_Black_Copper'],116 ['Speckle Black-Copper'],133 ['Speckle Black Copper']
001dd3 05131D,132,Speckle Black-Silver,05131D,244,91,2005,2013,304 ['CO. SILVER DIF'],132 ['Speckle_Black_Silver'],111 ['Speckle Black-Silver'],24 ['Speckle Black']
001dd3 05131D,0,Black,05131D,793825,220051,1957,2026,"26 ['Black', 'BLACK']\n342 ['CONDUCT. BLACK']","0 ['Black']\n256 ['Rubber_Black']",11 ['Black'],38 ['Black']
0000fe FFFFFF,117,Glitter Trans-Clear,FFFFFF,230,38,1999,2023,"117 ['Transparent Glitter', 'TR.W.GLITTER']\n122 ['Nature with Glitter']",117 ['Glitter_Trans_Clear'],101 ['Glitter Trans-Clear'],131 ['Transparent Glitter']
0000fe FFFFFF,15,White,FFFFFF,492452,144685,1949,2026,"1 ['White', 'WHITE V.3']",15 ['White'],1 ['White'],92 ['White']
0000fe FFFFFF,1143,Glitter Milky White,FFFFFF,4,4,1999,2005,122 ['Nature with Glitter'],,,
0000fe FFFFFF,1039,Modulex Clear,FFFFFF,1394,71,1963,1963,,,149 ['Mx Clear'],139 ['Modulex Clear']
0000fb FCFCFC,1055,Opal Trans-Clear,FCFCFC,858,163,2020,2026,"360 ['Transparent with Opalescence', 'Tr. Opalescence']",360 ['Opal_Trans_Clear'],228 ['Satin Trans-Clear'],193 ['Transparent Opal']
0000f3 F4F4F4,1013,Modulex White,F4F4F4,2998,758,1963,1963,,,123 ['Mx White'],154 ['Modulex White']
0000d8 D9D9D9,1000,Glow in Dark White,D9D9D9,652,183,2011,2025,329 ['WHITE GLOW'],329 ['Glow_In_Dark_White'],159 ['Glow in Dark White'],129 ['Glow in the Dark White']
00009b 9C9C9C,1015,Modulex Light Gray,9C9C9C,2249,62,1963,1963,,,125 ['Mx Light Gray'],141 ['Modulex Light Gray']
00009b 9C9C9C,1041,Modulex Foil Light Gray,9C9C9C,0,0,,,,,211 ['Mx Foil Light Gray'],
000061 616161,1134,HO Titanium,616161,1,1,1958,1958,,,,
00005e 5e5e5e,1126,HO Metallic Dark Gray,5e5e5e,2,2,1958,1959,,,,
